"target","indication","company_or_program","year","stated_failure_reason","mechanistic_assessment","preclinical_model_used","ontology_category","confidence","source_url","notes"
"gamma-secretase","Alzheimer's disease","Eli Lilly (Semagacestat)","2010","Trial halted — patients showed worsening cognition and increased skin cancer risk vs placebo","gamma-secretase cleaves multiple substrates beyond amyloid including Notch which is essential for immune and gut signaling. Blocking it caused Notch-related toxicity invisible in mouse models. Drug may also have trapped Abeta inside cells rather than reducing it.","Transgenic APP mouse models","A1 - Off-target pathway active in humans silent in model","8","https://www.alzforum.org/therapeutics/semagacestat","Multi-substrate target — pleiotropic enzyme collateral effects"
"amyloid-beta plaques","Alzheimer's disease","Pfizer/Janssen (Bapineuzumab)","2012","No significant cognitive improvement over placebo in Phase 3","Drug successfully cleared amyloid plaques but clearing amyloid did not improve cognition. Amyloid is likely a downstream marker not the upstream cause. Irreversible neuronal loss had already occurred before treatment.","Transgenic APP mouse models","B2 - Biomarker cleared but disease mechanism unaffected","8","https://www.nejm.org/doi/full/10.1056/NEJMoa1304839","Canonical example of biomarker-outcome decoupling in neurodegeneration"
"soluble amyloid-beta","Alzheimer's disease","Eli Lilly (Solanezumab)","2016","Did not meet primary cognitive endpoint in mild-to-moderate AD","Same root failure as bapineuzumab — modifying amyloid did not produce clinical benefit. A dedicated mild-patient trial also failed confirming amyloid hypothesis insufficient as sole driver.","APP/PS1 transgenic mice","B2 - Biomarker cleared but disease mechanism unaffected","8","https://www.nejm.org/doi/full/10.1056/NEJMoa1705971","Third confirmation of amyloid hypothesis failure"
"gamma-secretase modulator","Alzheimer's disease","Myriad Genetics (Tarenflurbil)","2008","No significant effect on cognition or daily activities in Phase 3","Phase 2 benefit was artifact — placebo arm declined faster than expected creating false positive. Drug had poor brain penetration and never reached therapeutic CNS concentrations. Worked in young mice but failed in aged mice.","Tg2576 mice tested in young animals only","C2 - Model too young to predict human disease-stage reality","8","https://www.alzforum.org/news/research-news/paper-alert-phase-3-tarenflurbil-data-published","Phase 2 false positive driven by statistical artifact not biological signal"
"tau protein","Alzheimer's disease","Roche/Genentech (Semorinemab)","2021","Did not slow cognitive or functional decline in mild-to-moderate AD","Tau accumulation in moderate AD may be too advanced to reverse. Drug hit its target but intervening at this disease stage had no clinical benefit. Timing problem not a target problem.","PS19 tau transgenic mouse models","E3 - Enrolled at wrong disease stage","8","https://www.alzforum.org/therapeutics/semorinemab","Early-stage tau intervention may still be valid"
"BACE1","Alzheimer's disease","Merck (Verubecestat)","2018","No clinical benefit — trial stopped early with slight cognitive worsening","Drug powerfully reduced Abeta. Still no cognitive benefit and caused slight worsening. BACE1 has essential functions beyond amyloid processing including synaptic plasticity and myelination — disrupting these caused harm.","APP transgenic mice","A1 - Off-target pathway active in humans underweighted in model","8","https://www.nejm.org/doi/full/10.1056/NEJMoa1706441","Confirmed amyloid reduction insufficient and revealed BACE1 pleiotropic function as risk"
"amyloid-beta multiple forms","Alzheimer's disease","Genentech (Crenezumab)","2019","Did not slow cognitive decline in early Alzheimer's","Designed at lower doses to avoid ARIA brain swelling but doses too low to adequately clear amyloid. Safety-efficacy tradeoff unresolved preclinically.","APP transgenic mice","D3 - Dose required for efficacy incompatible with human safety","6","https://www.alzforum.org/therapeutics/crenezumab","Safety-driven dose reduction created efficacy gap not tested preclinically"
"aggregated amyloid-beta","Alzheimer's disease","Biogen (Aducanumab)","2019","Inconsistent results across two Phase 3 trials — one positive one negative","Phase 2 showed amyloid clearance. Phase 3 contradictory results reflect patient population heterogeneity. Amyloid clearance alone unreliable surrogate for cognitive benefit.","APP transgenic mice","E1 - Patient heterogeneity masked by small Phase 2 population","6","https://www.nejm.org/doi/full/10.1056/NEJMoa2113216","Controversial FDA approval — illustrates how Phase 2 small samples mask heterogeneity"
"CETP","Cardiovascular disease","Pfizer (Torcetrapib)","2006","Excess deaths in treatment arm — trial terminated early","Two failures: off-target aldosterone activation raised blood pressure. More fundamentally epidemiological HDL-cardiovascular correlation was mistaken for causal mechanism. Raising HDL artificially does not replicate protective biology of naturally high HDL.","Hamster and rabbit dyslipidemia models","B1 - Epidemiological correlation mistaken for causal mechanism","8","https://www.nejm.org/doi/full/10.1056/NEJMoa061164","Torcetrapib also had compound-specific aldosterone toxicity on top of class-level hypothesis failure"
"CETP","Cardiovascular disease","Roche (Dalcetrapib)","2012","No clinically meaningful cardiovascular benefit despite raising HDL","Clean CETP inhibition with no off-target blood pressure problem. Still no benefit. Confirmed target hypothesis itself was wrong not the compound.","Hamster and rabbit dyslipidemia models","B1 - Epidemiological correlation mistaken for causal mechanism","8","https://www.thelancet.com/journals/lancet/article/PIIS0140-6736(12)61217-4/fulltext","Cleanest proof that CETP hypothesis was wrong at target level not compound level"
"CETP","Cardiovascular disease","Eli Lilly (Evacetrapib)","2015","Insufficient efficacy — no reduction in cardiovascular events","Third confirmation that CETP inhibition raises HDL but does not reduce heart attacks. Target hypothesis empirically falsified across three independent compounds.","Dyslipidemia animal models","B1 - Epidemiological correlation mistaken for causal mechanism","8","https://www.nejm.org/doi/full/10.1056/NEJMoa1609581","By this point the class failure was predictable from two prior failures"
"adenosine A1 receptor","Acute heart failure","Merck (Rolofylline)","2009","No better than placebo — increased seizure and stroke risk","A1 receptors in kidney were sound hypothesis. But A1 receptors also present in brain — blocking caused seizures and excess strokes. Rodent brains handle A1 blockade differently than humans.","Rodent heart failure models","A1 - Off-target CNS pathway active in humans underweighted in model","8","https://www.nejm.org/doi/full/10.1056/NEJMoa0912613","CNS A1 receptor biology is species-specific — preclinical models systematically underweight this"
"Nrf2 pathway","Diabetic kidney disease","Reata (Bardoxolone methyl)","2012","Trial terminated — excess cardiovascular hospitalizations and deaths","Drug raised GFR as expected but GFR rise was hemodynamic not functional — kidney filtering harder not healthier. Masked cardiovascular strain. Rodent cardiovascular physiology differs substantially from human.","Rodent diabetic nephropathy models","D1 - Biomarker improved by non-disease mechanism","8","https://www.nejm.org/doi/full/10.1056/NEJMoa1210146","Classic hemodynamic GFR artifact — biomarker looked like efficacy in both species but meant different things biologically"
"Lp-PLA2","Cardiovascular disease","GlaxoSmithKline (Darapladib)","2014","Did not significantly reduce major cardiovascular events vs placebo","Lp-PLA2 is a marker of plaque inflammation but not a driver of plaque rupture. Inhibiting it reduced enzyme activity but did not change event rates.","Rabbit atherosclerosis models plus epidemiological data","B1 - Epidemiological correlation mistaken for causal mechanism","8","https://www.nejm.org/doi/full/10.1056/NEJMoa1402513","Epidemiological association between Lp-PLA2 and CV events was robust but non-causal"
"PARP","Triple-negative breast cancer","Sanofi (Iniparib)","2011","Phase 3 failed to show improvement in progression-free or overall survival","Iniparib was not a true PARP inhibitor. Post-failure biochemistry showed it worked through non-specific cysteine modification. Phase 2 showed real activity from wrong mechanism making Phase 3 patient selection incorrect.","Triple-negative breast cancer cell lines and xenograft mouse models","A2 - Drug mechanism mischaracterized preclinically","8","https://www.nejm.org/doi/full/10.1056/NEJMoa1011418","Canonical example of mechanism mischaracterization — Phase 2 success was real but from wrong target"
"endothelin A receptor","Prostate cancer","Abbott (Atrasentan)","2003","Failed to demonstrate improvement in time to disease progression","ETA blocking works in cell lines but prostate cancer is heterogeneous — only a subset have high ETA pathway dependence. Broad enrollment diluted any signal from responders.","Human prostate cancer cell lines and xenograft models in immunodeficient mice","E1 - Broad enrollment diluted signal from true responder subpopulation","8","https://www.ncbi.nlm.nih.gov/pmc/articles/PMC1174824","Endothelin pathway still valid in ETA-high subgroup — stratification failure not target failure"
"Bcl-2","Melanoma","Genta (Oblimersen)","2004","Did not improve overall survival in Phase 3 melanoma trial","Bcl-2 is one of many anti-apoptotic proteins. Melanoma cells upregulated other survival pathways when Bcl-2 was blocked. Pathway redundancy not captured in cell line models.","Melanoma cell lines genetically homogeneous single-pathway dominant","B3 - Target valid but disease driven by redundant parallel pathways","8","https://www.nejm.org/doi/full/10.1056/NEJMoa040831","Early example of Bcl-2 family redundancy — later led to BH3 mimetics targeting multiple family members"
"HSP90","Non-small cell lung cancer","Synta Pharmaceuticals (Ganetespib)","2015","Did not meet primary endpoint in Phase 2/3 lung cancer trial","HSP90 essential for normal cells too. Therapeutic window between killing cancer and damaging normal tissue too narrow. Cancer cell selectivity in cell lines was less pronounced in human patients with intact immune systems.","Cancer cell lines and xenograft models in immunodeficient mice","C3 - Immunodeficient model removed immune and stromal context","6","https://www.ncbi.nlm.nih.gov/pmc/articles/PMC3572008","HSP90 class has struggled broadly — narrow therapeutic index is a consistent class problem"
"farnesyltransferase","Multiple solid tumors","Schering-Plough (Lonafarnib)","2003","Insufficient clinical activity across multiple solid tumor trials","RAS requires farnesylation to work — correct hypothesis. But when farnesyltransferase blocked RAS switches to alternative lipid modification that also activates it. Escape mechanism present but underappreciated in early cell work.","Cell lines with RAS mutations and xenograft models","B3 - Compensatory escape mechanism not captured in model","8","https://www.ncbi.nlm.nih.gov/pmc/articles/PMC1635488","Geranylgeranylation escape is a fundamental limitation of the entire farnesyltransferase inhibitor class"
"PKC-beta","Diffuse large B-cell lymphoma","Eli Lilly (Enzastaurin)","2010","Did not extend progression-free survival","PKC-beta is one node in complex signaling network. Blocking it alone insufficient — other kinase pathways compensated. Preclinical models used cell lines with artificially high PKC-beta dependency not representative of patients.","Lymphoma cell lines with high PKC-beta activity","C1 - Homogeneous model not representative of patient population","6","https://www.ncbi.nlm.nih.gov/pmc/articles/PMC2793353","Model selection bias — chose cell lines that confirmed hypothesis"
"HSP90 first generation","Multiple cancers","Various (Tanespimycin/17-AAG)","2005","Limited efficacy and significant liver and GI toxicity","Formulation required Cremophor EL solvent that itself causes toxicity. Narrow therapeutic window. Clean preclinical activity did not account for solvent toxicity in human systemic administration.","Cancer cell lines and xenograft mouse models","F1 - Off-target formulation toxicity not visible in model","6","https://www.ncbi.nlm.nih.gov/pmc/articles/PMC2651010","Formulation-driven toxicity is underappreciated — solvent effects rarely tested preclinically"
"farnesyltransferase","Acute myeloid leukemia","Johnson and Johnson (Tipifarnib)","2005","Insufficient response rate in elderly AML patients","Same fundamental problem as lonafarnib — RAS switches to geranylgeranylation as escape. AML driven by diverse mutations beyond RAS — patients not selected for RAS pathway dependence.","AML cell lines and xenograft models","E2 - Responder biomarker not identified preclinically","8","https://www.ncbi.nlm.nih.gov/pmc/articles/PMC2895855","Two independent farnesyltransferase inhibitors failed via same mechanism — strong ontology signal"
"IGF-1 receptor","Non-small cell lung cancer","Pfizer (Figitumumab)","2009","Trial stopped — increased deaths in treatment arm with no efficacy signal","IGF-1R blocking disrupts insulin regulation causing hyperglycemia more severe in humans than mice. IGF-1R role in cancer maintenance smaller than cell line studies suggested.","Cancer cell lines and xenograft models","A1 - Off-target metabolic effects more severe in humans than model","8","https://www.ncbi.nlm.nih.gov/pmc/articles/PMC3058278","Insulin/IGF-1 axis disruption systematically underweighted in xenograft models lacking metabolic complexity"
"PKC-alpha","Non-small cell lung cancer","ISIS/Eli Lilly (Aprinocarsen)","2003","Did not improve survival in non-small cell lung cancer","PKC-alpha is one of many survival kinases in NSCLC. Patients not selected for PKC-alpha pathway dependence. Antisense delivery to solid tumors less efficient than in cell culture.","NSCLC cell lines with limited xenograft data","E2 - Responder biomarker not identified — unselected patient population","6","https://www.ncbi.nlm.nih.gov/pmc/articles/PMC1635154","Antisense delivery efficiency gap between cell culture and solid tumor is a recurring problem"
"AKT","Colorectal cancer","Keryx (Perifosine)","2012","No improvement in overall survival in Phase 3","AKT is one of most redundant nodes in cancer signaling — multiple ways to maintain survival when AKT blocked. Colorectal cancer patients not selected for PI3K pathway activation.","Colorectal cancer cell lines and xenograft models","E1 - Unselected population combined with pathway redundancy","6","https://www.ncbi.nlm.nih.gov/pmc/articles/PMC3742590","AKT inhibition without patient selection is now recognized as insufficient across most tumor types"
"PLK1 and PI3K pathways","Myelodysplastic syndrome","Onconova (Rigosertib)","2014","Did not improve overall survival in higher-risk MDS","Rigosertib true mechanism of action was contested — later shown to work differently than claimed binding RAS-binding domains rather than direct kinase inhibition. Mechanism mischaracterization led to wrong patient selection.","MDS and AML cell lines and mouse xenograft models","A2 - Drug mechanism mischaracterized preclinically","6","https://www.nejm.org/doi/full/10.1056/NEJMoa1912946","Mechanism debate persisted even after failure — illustrates how imprecise target characterization propagates through development"
"VEGFR","Colorectal cancer","Novartis/Schering (Vatalanib)","2005","Did not improve progression-free survival in colorectal cancer","Tumors developed resistance to VEGFR blockade by switching to alternative angiogenic pathways including FGF PDGF and angiopoietin. Mouse xenograft models did not show this resistance as tumor vasculature is less mature.","Colorectal cancer xenograft models","B3 - Compensatory angiogenic pathways activated upon target blockade","8","https://www.ncbi.nlm.nih.gov/pmc/articles/PMC2362142","Anti-angiogenic resistance via pathway switching is now well established but was underappreciated at time of trial"
"CD33","Acute myeloid leukemia","Pfizer (Gemtuzumab/Mylotarg withdrawal)","2010","Phase 3 confirmatory trial showed no survival benefit and increased early deaths","CD33 expressed on both leukemia cells and normal bone marrow progenitors. Toxin delivery caused unacceptable normal tissue damage. Preclinical models did not adequately represent normal bone marrow toxicity at clinical doses.","AML cell lines and xenograft models","F2 - Target expressed on normal tissue with toxicity underrepresented in model","8","https://www.fda.gov/drugs/postmarket-drug-safety-information-patients-and-providers/gemtuzumab-ozogamicin-marketed-mylotarg-information","Later reapproved at lower dose — confirms target validity but initial dosing was wrong"
"BAFF","Systemic lupus erythematosus","Eli Lilly (Tabalumab)","2015","Phase 3 trials did not meet primary endpoint of lupus disease activity reduction","Lupus is highly heterogeneous. MRL/lpr mouse model develops lupus through specific Fas gene mutation not representative of human lupus diversity. Drug may work in BAFF-dependent subgroup never identified preclinically.","MRL/lpr mice with Fas mutation-driven autoimmunity","C1 - Genetically homogeneous model misses human patient heterogeneity","8","https://www.ncbi.nlm.nih.gov/pmc/articles/PMC4497526","BAFF inhibition works in belimumab for lupus — tabalumab failure was patient stratification not target failure"
"ICAM-1","Crohn's disease","ISIS (Alicaforsen)","2004","No statistically significant improvement over placebo","Multiple adhesion molecules drive gut inflammation — blocking ICAM-1 alone insufficient as VCAM-1 and MAdCAM-1 compensated. DSS colitis model is simple epithelial damage model that does not replicate complex immune dysregulation of human Crohn's.","DSS colitis mouse model — chemical gut damage","C2 - Artificially induced model does not capture human disease mechanism","8","https://www.ncbi.nlm.nih.gov/pmc/articles/PMC1774380","DSS model is mechanistically distinct from human IBD — a systematic limitation of the field"
"IL-1 beta","COPD exacerbations","Novartis (Canakinumab COPD indication)","2017","Did not reduce COPD exacerbations in Phase 3","COPD exacerbations driven by multiple inflammatory mediators. IL-1beta elevated but not primary driver in most patients. Mouse COPD models do not replicate complex neutrophil-dominated multi-cytokine human exacerbation biology.","Cigarette smoke exposure mouse models","B3 - Target valid but disease driven by multiple parallel pathways","6","https://www.nejm.org/doi/full/10.1056/NEJMoa1712615","Canakinumab approved for other inflammatory indications — COPD failure was indication-specific"
"GM-CSF receptor","Rheumatoid arthritis","MedImmune (Mavrilimumab)","2013","Phase 2 showed efficacy but discontinued due to pulmonary toxicity signal","GM-CSF receptor also plays role in pulmonary macrophage maintenance. Blocking caused pulmonary alveolar proteinosis in humans. Not seen in rodents because rodent pulmonary macrophage biology differs from human.","Rodent arthritis models","A1 - Off-target pulmonary pathway active in humans absent in rodent model","6","https://www.ncbi.nlm.nih.gov/pmc/articles/PMC4060313","Pulmonary alveolar proteinosis is a rare but serious signal — species difference in lung macrophage biology"
"eotaxin-1/CCL11","Crohn's disease","iCo Therapeutics (Bertilimumab)","2016","Did not achieve primary endpoint in Phase 2","Eotaxin-1 drives eosinophilic gut inflammation but most Crohn's patients have neutrophil and macrophage-dominated disease. Target valid for small subset but trial enrolled broadly.","Eosinophilic gut inflammation mouse models","E1 - Model represented wrong patient subtype with broad enrollment diluting signal","6","https://www.ncbi.nlm.nih.gov/pmc/articles/PMC5075002","Immunophenotype mismatch between preclinical model and enrolled patient population"
"IP-10/CXCL10","Crohn's disease","Bristol-Myers Squibb (Eldelumab)","2016","Did not meet primary endpoint in Phase 2b","IP-10 elevated in Crohn's but in context of broader interferon-gamma driven network. Blocking one T cell recruitment signal while CXCL9 and CXCL11 remained active was insufficient.","Mouse colitis models","B3 - Target valid but pathway redundancy made single blockade insufficient","6","https://www.ncbi.nlm.nih.gov/pmc/articles/PMC5543480","Chemokine redundancy in T cell recruitment is a consistent obstacle for single-target approaches"
"GABA-A receptor alpha2/alpha3","Schizophrenia cognitive symptoms","Merck (MK-0777)","2009","Failed to show cognitive improvement in Phase 2","Cognitive deficits of schizophrenia arise from complex dopamine and glutamate circuit dysfunction that GABA modulation cannot correct. Rodent cognition models measure different cognitive domains than working memory deficits relevant to schizophrenia.","Rodent cognition assays including Morris water maze and novel object recognition","C2 - Animal cognition model does not recapitulate human schizophrenia cognitive deficit","6","https://www.ncbi.nlm.nih.gov/pmc/articles/PMC2800046","No animal model reliably predicts human antipsychotic cognitive outcomes — fundamental translational gap in psychiatry"
"NK3 receptor","Schizophrenia","Sanofi (Osanetant)","2004","Insufficient antipsychotic efficacy in Phase 2","NK3 receptor modulates dopamine release but is not primary driver of psychotic symptoms. Rodent model based on amphetamine-induced hyperactivity has poor face validity for human schizophrenia.","Amphetamine-induced hyperactivity in rodents","C2 - Model captures pharmacological readout not human disease mechanism","6","https://www.ncbi.nlm.nih.gov/pmc/articles/PMC1574363","Amphetamine model is a surrogate for dopaminergic activity not schizophrenia pathophysiology"
"glycine transporter 1","Major depressive disorder","Organon (Org 25935)","2009","Did not demonstrate antidepressant efficacy in Phase 2","Depression is heterogeneous — NMDA/glutamate pathway dysregulation may only drive a subset of cases. Animal depression models measure behavioral despair not reliably predictive of human antidepressant activity.","Forced swim test and tail suspension test in rodents","C2 - Behavioral rodent model does not predict human antidepressant response","6","https://www.ncbi.nlm.nih.gov/pmc/articles/PMC2799539","Forced swim test is widely criticized as a model for antidepressant screening — high false positive rate"
"GABA-A receptor positive modulator","Generalized anxiety disorder","Neurogen (Ocinaplon)","2006","Development discontinued due to liver toxicity in Phase 2","Human CYP450 enzyme metabolism of ocinaplon produced a hepatotoxic metabolite at clinical doses not replicated in rodent liver metabolism pathways.","Rodent anxiety models and standard liver safety studies","F1 - Species-specific metabolic pathway produced human-specific hepatotoxin","6","https://www.ncbi.nlm.nih.gov/pmc/articles/PMC1574398","CYP450 metabolic differences between species are a systematic blind spot in preclinical safety screening"
"alpha-7 nicotinic acetylcholine receptor","ADHD and cognitive impairment","Targacept (TC-5619)","2012","Failed to improve ADHD symptoms vs placebo in Phase 2","Alpha-7 nAChR activation shows robust procognitive effects in rodents. Human alpha-7 receptor pharmacology and CNS distribution differ from rodents particularly in prefrontal circuits responsible for executive function.","Rodent attention tasks with limited primate data","A3 - Target expression and function differs between model species and humans","6","https://www.ncbi.nlm.nih.gov/pmc/articles/PMC3488831","Species divergence in alpha-7 nAChR prefrontal distribution is well documented but field continued using rodent data"
"triple monoamine reuptake","Obesity","NeuroSearch (Tesofensine)","2008","Not advanced due to cardiovascular safety concerns","Combined monoamine reuptake inhibition caused cardiovascular stimulation — heart rate and blood pressure elevation — more pronounced in humans than rodents. Rodent cardiovascular physiology handles monoamine excess differently.","Rodent obesity and Parkinson models","F1 - Off-target cardiovascular effects underweighted in rodent model","6","https://www.ncbi.nlm.nih.gov/pmc/articles/PMC2650400","Cardiovascular sensitivity to monoamine excess is consistently underestimated in rodent models"
"PPARalpha/gamma dual agonist","Type 2 diabetes","Bristol-Myers Squibb (Muraglitazar)","2005","FDA required more CV safety data — program halted after meta-analysis showed increased CV events","Dual PPAR activation caused fluid retention and cardiovascular complications not adequately captured in rodent metabolic models. Rodents handle PPAR-mediated fluid and cardiac effects differently from humans.","Rodent diabetes models including db/db mice and Zucker rats","F1 - Off-target cardiovascular and fluid effects underrepresented in rodent model","8","https://www.ncbi.nlm.nih.gov/pmc/articles/PMC1570160","First of multiple dual PPAR agonist failures — class-level signal that should have informed subsequent programs"
"PPARalpha/gamma dual agonist","Type 2 diabetes with CV disease","Roche (Aleglitazar)","2013","Trial stopped early — no CV event reduction with bone fracture and heart failure signals","Same class problem as muraglitazar — dual PPAR agonism causes fluid retention heart failure risk and bone effects. Rodent models continued to underpredict human fluid and cardiac sensitivity despite prior class failures.","Rodent models with some primate data","F1 - Class-level off-target toxicity with model systematically underpredicting human cardiac sensitivity","8","https://www.ncbi.nlm.nih.gov/pmc/articles/PMC4139104","Second major dual PPAR failure — class should have been deprioritized after muraglitazar"
"MetAP2","Obesity","Zafgen (Beloranib)","2015","FDA placed clinical hold due to deaths in Phase 2/3 trials","MetAP2 inhibition caused thrombotic events. Not seen in preclinical animal studies because coagulation cascade response to MetAP2 inhibition differs between species. Mechanism connecting MetAP2 to thrombosis not characterized preclinically.","Rodent obesity models including DIO mice","F1 - Off-target thrombotic pathway active in humans not in rodent model","8","https://www.nejm.org/doi/full/10.1056/NEJMoa1411296","Fatal adverse events — most severe consequence of species-specific off-target toxicity failure"
"CD11b/Mac-1 integrin","Sepsis","ICOS (Aselizumab)","2002","Did not reduce mortality or organ failure in Phase 2 sepsis trial","Neutrophil recruitment in sepsis is double-edged — early recruitment essential for pathogen clearance late recruitment causes organ damage. Blocking neutrophil adhesion universally impaired bacterial clearance while failing to reduce inflammation. Mouse sepsis models do not capture this timing complexity.","LPS-induced sepsis mouse models and cecal ligation and puncture","C2 - Sepsis model does not capture timing complexity of human septic progression","6","https://www.ncbi.nlm.nih.gov/pmc/articles/PMC1064128","Neutrophil biology in sepsis is bidirectional — broad blockade fails because it removes beneficial early function"
"TLR4","Sepsis","Eisai (Eritoran)","2011","Phase 3 trial failed — no reduction in 28-day mortality","TLR4 blocks the LPS receptor — mechanistically sound for gram-negative sepsis. But sepsis mortality driven by complex multi-pathway immune dysregulation. After initial LPS hit the downstream inflammatory network runs independently. Blocking TLR4 after the fact is insufficient.","LPS mouse sepsis models","E3 - Intervention point too late — model does not capture disease stage at time of treatment","8","https://www.nejm.org/doi/full/10.1056/NEJMoa1101544","TLR4 antagonism may still be valid if given prophylactically — timing is the key variable"
"protein C pathway","Sepsis","Eli Lilly (Drotrecogin alfa/Xigris)","2011","Withdrawn — Phase 4 confirmatory trial showed no mortality benefit and increased bleeding","Initial Phase 3 showed benefit in severe sepsis. Later trials in broader populations showed no benefit and harm. The subgroup with protein C deficiency who benefited was buried in broader enrollment.","Rodent sepsis models and non-human primate models","E1 - Patient heterogeneity — benefit in subgroup diluted by broad enrollment","8","https://www.nejm.org/doi/full/10.1056/NEJMoa1104389","Regulatory approval based on heterogeneous population — benefit was real in a specific subgroup"
"nonsense mutation readthrough","Duchenne muscular dystrophy","PTC Therapeutics (Ataluren)","2017","Phase 3 missed primary endpoint — no significant improvement in 6-minute walk test","Drug mechanism biologically valid. Failure partly patient selection — only nonsense mutation patients should respond which is 13 percent of DMD. Primary endpoint insufficiently sensitive for slowly progressing disease. mdx mice more severe than human patients overestimating effect size.","mdx mice — dystrophin-deficient with more severe phenotype than human disease course","C2 - Animal model more severe than human disease overestimates treatment effect size","6","https://www.ncbi.nlm.nih.gov/pmc/articles/PMC5618218","Endpoint sensitivity failure combined with patient selection — two independent problems compounding each other"
"mitochondrial antioxidant support","Duchenne muscular dystrophy","Santhera (Idebenone)","2015","Phase 3 failed to show significant improvement in respiratory function","Oxidative stress is a secondary contributor to DMD — primary problem is structural membrane damage from absent dystrophin. Addressing oxidative stress alone in a disease with structural primary pathology was insufficient.","mdx mouse model","B3 - Target valid for secondary pathway but primary disease mechanism not addressed","6","https://www.ncbi.nlm.nih.gov/pmc/articles/PMC4691169","Secondary pathway targeting without addressing primary structural defect — insufficient in any disease with major structural pathology"
"LOXL2","NASH and liver fibrosis","Gilead (Simtuzumab)","2018","Phase 2 failed to reduce liver fibrosis in NASH or primary sclerosing cholangitis","LOXL2 elevated in fibrotic liver and lung. But fibrosis driven by multiple parallel crosslinking enzymes and ECM-remodeling pathways. Blocking LOXL2 alone insufficient — other LOX family members and matrix metalloproteinases continued driving fibrosis.","CCl4-induced liver fibrosis mouse model and BDL model","B3 - Target valid but disease driven by redundant parallel pathways","8","https://www.ncbi.nlm.nih.gov/pmc/articles/PMC5823478","LOXL2 antibody approach may have failed partly due to inability to penetrate fibrotic tissue — delivery may be co-factor"
"NGF/TrkA","Osteoarthritis pain","Pfizer/Lilly (Tanezumab)","2021","FDA rejected approval — concerns about worsening joint destruction in subset of patients","Nerve growth factor drives pain signaling. Blocking it relieved pain effectively. But NGF also supports joint tissue maintenance — blocking it accelerated joint destruction in a subset of patients. This destructive joint effect was not adequately predicted from animal pain models.","Rodent nerve injury and inflammatory pain models","A1 - Off-target joint maintenance pathway active in humans underweighted in animal pain models","8","https://www.nejm.org/doi/full/10.1056/NEJMoa2014828","Pain relief was confirmed but joint destruction signal was a genuine surprise — NGF trophic functions in joint tissue undercharacterized"
"ximelagatran/thrombin","Stroke prevention/anticoagulation","AstraZeneca (Exanta)","2006","Withdrawn from market — severe hepatotoxicity including liver failure deaths","Thrombin inhibition was mechanistically valid. However ximelagatran produced a hepatotoxic metabolite through human-specific liver metabolism not replicated in rodent or primate safety studies. Short-term liver enzyme elevation resolved in animals and early human studies masking long-term hepatotoxicity risk.","Rodent and primate anticoagulation models","F1 - Species-specific hepatic metabolism produced human-specific toxin","8","https://www.ncbi.nlm.nih.gov/pmc/articles/PMC1885116","First oral direct thrombin inhibitor withdrawn — human CYP metabolism produced toxic metabolite invisible in standard preclinical safety battery"
"substance P/NK1 receptor","Major depressive disorder","Merck (Aprepitant depression program)","2000","Failed to show antidepressant efficacy in Phase 2","NK1 receptor blockade reduces stress responses in rodent models convincingly. Human depression involves complex monoaminergic and neuroplasticity deficits that substance P modulation cannot address. Rodent stress models have poor predictive validity for human antidepressant response.","Rodent stress and learned helplessness models","C2 - Rodent stress model does not predict human antidepressant response","8","https://www.ncbi.nlm.nih.gov/pmc/articles/PMC1576046","High-profile failure — generated significant discussion about validity of rodent antidepressant models"
"PDE4","COPD inflammation","Nycomed/Takeda (Roflumilast early programs)","2004","Early Phase 2 programs showed insufficient efficacy and GI tolerability issues","PDE4 inhibition reduces inflammation in COPD — mechanistically valid. But nausea vomiting and diarrhea from PDE4 inhibition in the gut were severe in humans and not adequately predicted from animal tolerability studies. Rodents tolerate PDE4 inhibition better than humans gastrointestinally.","Rodent COPD inflammation models","F1 - GI tolerability of PDE4 inhibition underestimated in rodent models","6","https://www.ncbi.nlm.nih.gov/pmc/articles/PMC2921758","Later approved at lower dose with better tolerability management — dose finding was the key"
"CCR2/CCR5","Rheumatoid arthritis","Pfizer (Maraviroc RA program)","2010","Insufficient efficacy in Phase 2 RA trial","CCR2 and CCR5 drive macrophage and T cell recruitment to inflamed joints. Blocking them was rational. But RA is driven by multiple redundant chemokine recruitment pathways — blocking CCR2/5 alone while other chemokines remained active was insufficient.","Rodent collagen-induced arthritis models","B3 - Target valid but disease driven by redundant chemokine recruitment pathways","6","https://www.ncbi.nlm.nih.gov/pmc/articles/PMC3132089","Maraviroc approved for HIV — CCR5 inhibition valid in HIV context but insufficient as sole target in complex autoimmune disease"
"p38 MAPK","Rheumatoid arthritis","Boehringer Ingelheim (BIRB 796)","2003","Phase 2 failed — insufficient efficacy with liver toxicity signal","p38 MAPK drives TNF and IL-6 production in inflammatory cells. Blocking it was rational. But p38 MAPK is also essential for many normal cellular stress responses. Chronic blockade caused hepatotoxicity not predicted from short-term animal studies. Also disease rebounded via alternative inflammatory kinase pathways.","Rodent arthritis models","A1 - Off-target hepatic stress pathway disrupted in humans","6","https://www.ncbi.nlm.nih.gov/pmc/articles/PMC1526632","Multiple p38 inhibitors failed — class problem with chronic hepatotoxicity not visible in short-duration animal studies"
"MMP inhibitors","Cancer/arthritis","Pfizer (Marimastat) and class","2000","No improvement in cancer survival; severe musculoskeletal toxicity","Matrix metalloproteinases were thought to be purely destructive in cancer invasion. But MMPs also play essential roles in normal tissue remodeling wound healing and immune function. Broad MMP inhibition caused musculoskeletal syndrome — joint pain and fibrosis — not predicted from animal studies. Also tumors used alternative invasion pathways.","Xenograft cancer mouse models","A1 - Target plays essential normal tissue maintenance roles underappreciated preclinically","8","https://www.ncbi.nlm.nih.gov/pmc/articles/PMC1857302","Entire MMP inhibitor class failed — fundamental misunderstanding of MMP biology in normal tissue homeostasis"
"EGFR","Colorectal cancer unselected","ImClone/Bristol-Myers Squibb (Cetuximab early unselected trials)","2003","Insufficient response rate in unselected colorectal cancer population","EGFR inhibition works in KRAS wild-type colorectal cancer. But early trials enrolled all comers including KRAS-mutant patients who cannot respond because downstream RAS signaling bypasses EGFR. Diluted the signal from true responders. Preclinical cell line work did not adequately model KRAS mutation status.","Colorectal cancer cell lines mixed KRAS status","E2 - Critical responder biomarker (KRAS wild-type status) not identified preclinically","8","https://www.ncbi.nlm.nih.gov/pmc/articles/PMC2737389","Later succeeded when restricted to KRAS wild-type patients — textbook patient stratification failure and subsequent success"
"CDK4/6","Multiple solid tumors early programs","Various early CDK inhibitor programs (flavopiridol)","2002","No significant efficacy in solid tumor Phase 2 trials","Flavopiridol is a pan-CDK inhibitor not specific to CDK4/6. Broad CDK inhibition caused severe toxicity because CDKs are essential for normal cell cycle in all dividing tissues. Later selective CDK4/6 inhibitors succeeded — the problem was selectivity not the target.","Cancer cell lines and xenograft models","A2 - Drug inhibited wrong CDK family members — mechanism not specific to intended target","6","https://www.ncbi.nlm.nih.gov/pmc/articles/PMC1635042","Failure of pan-CDK inhibitors led to selective CDK4/6 inhibitors (palbociclib etc) which succeeded — target was right drug was wrong"
"TNF-alpha","Heart failure","Various (etanercept/infliximab heart failure trials)","2001","Trials terminated — no benefit and potential harm in heart failure","TNF-alpha is elevated in heart failure and was thought to drive cardiac inflammation. Blocking TNF worked in rheumatoid arthritis. But in heart failure TNF serves a cardioprotective role — it helps cardiomyocytes survive injury. Blocking it removed this protection. Mouse heart failure models did not capture this cardioprotective TNF function.","Mouse cardiac injury models","B3 - Target plays opposing roles in different disease contexts — protective not harmful in heart","8","https://www.nejm.org/doi/full/10.1056/NEJMoa010626","Canonical example of same target succeeding in one disease (RA) and failing harmfully in another (heart failure) — context-dependent biology"
"endothelin receptor","Heart failure","Roche (Bosentan heart failure program)","2002","Phase 2 showed trend but Phase 3 failed — no improvement in heart failure outcomes","Endothelin-1 is elevated in heart failure and drives vasoconstriction. Blocking endothelin receptors reduces vascular resistance — rational. But endothelin also plays a role in cardiac adaptation to stress. Broad blockade of ET-A and ET-B receptors interfered with compensatory cardiac mechanisms. Mouse heart failure models showed hemodynamic benefit without capturing long-term adaptive biology.","Rodent heart failure models","B3 - Target plays adaptive compensatory role in human heart failure context","6","https://www.ncbi.nlm.nih.gov/pmc/articles/PMC1767792","Bosentan succeeded in pulmonary arterial hypertension — same drug different disease context worked because PAH lacks the compensatory cardiac mechanism problem"
"5-HT2c receptor","Obesity","Arena Pharmaceuticals (early lorcaserin programs)","2003","Early Phase 2 programs showed insufficient weight loss","5-HT2c receptor activation suppresses appetite via hypothalamic pathways. Works in rodent obesity models. Human appetite regulation involves more complex hedonic and cognitive circuits than rodent hypothalamic satiety models capture. Effect size in humans smaller than predicted from animal models.","Rodent dietary obesity models (DIO mice)","C2 - Rodent appetite model overestimates effect size of hypothalamic appetite suppression in humans","6","https://www.ncbi.nlm.nih.gov/pmc/articles/PMC3181946","Later approved (lorcaserin) at approved doses but withdrawn for cancer risk — target had a long difficult development history"
"amyloid precursor protein cleavage","Alzheimer's disease","Elan (AN1792 active immunization)","2002","Phase 2 halted — 6 percent of patients developed meningoencephalitis brain inflammation","Active vaccination against amyloid-beta generated T cell response against brain tissue. Preclinical mouse immunization studies showed amyloid clearance without inflammation. Human immune responses to amyloid vaccination generated pathological T cell-mediated brain inflammation not seen in transgenic mice because mouse immune systems respond to human amyloid differently.","APP transgenic mouse immunization studies","C2 - Mouse immune response to human amyloid does not predict human T cell-mediated neuroinflammation","8","https://www.thelancet.com/journals/laneur/article/PIIS1474-4422(03)00548-3/fulltext","First active immunotherapy for AD — failure led to passive antibody approach. T cell response to amyloid was not modeled in transgenic mice"
"alpha-synuclein","Parkinson's disease","Prothena/Roche (Prasinezumab)","2022","Phase 2b failed to slow motor progression in early Parkinson's","Alpha-synuclein aggregation drives Parkinson's neurodegeneration. Antibody cleared alpha-synuclein. But like amyloid in AD clearing the protein may not halt already-triggered neurodegeneration. Also enrolled patients may already have had irreversible dopaminergic neuron loss.","Alpha-synuclein transgenic mouse models","B2 - Biomarker cleared but neurodegenerative cascade already irreversible at enrollment","6","https://www.nejm.org/doi/full/10.1056/NEJMoa2202867","Mirrors Alzheimer's amyloid failures — protein clearance without functional recovery is an emerging pattern across neurodegeneration"
"VEGF","Alzheimer's disease","Various VEGF-related neurodegeneration programs","2018","No cognitive benefit in Phase 2","VEGF promotes neurogenesis and blood-brain barrier function — thought to be neuroprotective. Animal models of cognitive decline showed VEGF benefit. But human AD is too advanced by symptomatic stage and VEGF delivery to brain was insufficient in clinical formulations.","Rodent cognitive decline and ischemia models","E3 - Enrolled patients too late in disease — neuroprotection cannot reverse established neurodegeneration","6","https://www.ncbi.nlm.nih.gov/pmc/articles/PMC3107552","VEGF neuroprotection may be valid as prevention not treatment — disease stage at intervention is the key variable"
"mGluR5","Fragile X syndrome","Novartis (Mavoglurant)","2014","Phase 2b failed to improve behavioral symptoms in Fragile X","mGluR5 hypothesis for Fragile X was well supported — FMR1 protein normally suppresses mGluR5 signaling and its absence causes overactivation. Mouse Fmr1 knockout model showed robust behavioral rescue with mGluR5 blockers. Human trials showed no benefit. Mouse behavioral tests (open field marble burying) measure very different behavioral dimensions than human Fragile X symptoms.","Fmr1 knockout mouse model","C2 - Mouse behavioral assays do not map to human Fragile X symptom domains","8","https://www.ncbi.nlm.nih.gov/pmc/articles/PMC4537962","High-profile failure — mGluR5 hypothesis was scientifically strong but mouse behavioral tests were not predictive of human outcomes"
"PDE5","Alzheimer's disease","Various (sildenafil cognition programs)","2012","No cognitive benefit in Phase 2 AD trials","PDE5 inhibition raises cGMP and was thought to enhance synaptic plasticity and memory. Works in rodent memory models. Human AD cognition involves structural neurodegeneration not addressable by synaptic modulation alone. Also brain penetration of PDE5 inhibitors at safe doses was insufficient.","Rodent memory and LTP models","C2 - Rodent synaptic plasticity model does not capture human neurodegeneration context","6","https://www.ncbi.nlm.nih.gov/pmc/articles/PMC3413784","PDE5 inhibition may enhance normal cognition — does not address structural neurodegeneration of established AD"
"beta-secretase 2 / BACE2","Type 2 diabetes","Various programs","2019","No significant HbA1c reduction — pancreatic toxicity signal","BACE2 was thought to regulate pancreatic beta cell function. Inhibiting it was hypothesized to improve insulin secretion. But BACE2 and BACE1 share overlapping substrate cleavage — BACE2 inhibitors also affected BACE1 substrates causing cognitive and pancreatic side effects. Rodent BACE2 biology differs from human.","Rodent pancreatic function models","A1 - Off-target BACE1 substrate cleavage disrupted in humans","6","https://www.ncbi.nlm.nih.gov/pmc/articles/PMC6335563","BACE1/BACE2 substrate overlap is a fundamental problem for selective inhibition — species differences complicate this further"
"RAGE receptor","Diabetes complications","TransMedics/Pfizer (TTP488/Azeliragon)","2018","Phase 3 failed to slow Alzheimer's progression","RAGE receptor drives inflammation and oxidative stress in diabetic complications and was hypothesized to drive neuroinflammation in AD. Animal models showed benefit. Human Phase 3 failed. RAGE has many ligands and pathways in human disease making single blockade insufficient. Also enrolled patients had established AD — too late for anti-inflammatory neuroprotection.","Rodent diabetic complication and transgenic AD models","E3 - Enrolled patients at wrong disease stage combined with pathway redundancy","6","https://www.ncbi.nlm.nih.gov/pmc/articles/PMC6367802","Anti-RAGE approach rational as prevention — failed as treatment of established neurodegeneration"
"cannabinoid CB1 receptor","Obesity","Sanofi (Rimonabant)","2008","Withdrawn — severe psychiatric side effects including suicidality","CB1 receptor blockade in the brain reduces appetite and body weight effectively. Works in rodent obesity models. But CB1 receptors are also essential for mood regulation and emotional processing. Blocking them caused depression anxiety and suicidality in humans — psychiatric effects not adequately captured in rodent behavioral models.","Rodent dietary obesity models","A1 - Off-target CNS mood regulation pathway active in humans underweighted in rodent models","8","https://www.nejm.org/doi/full/10.1056/NEJMoa0706645","Weight loss was confirmed — psychiatric toxicity was the failure. Rodent mood models do not adequately capture human psychiatric adverse effects of CB1 blockade"
"ghrelin receptor","Obesity/cachexia","Various programs (anamorelin early programs)","2008","Insufficient efficacy in obesity; later cachexia programs also mixed","Ghrelin receptor activation stimulates appetite — blocking it should reduce appetite. Works in rodent feeding models. Human appetite regulation involves more complex behavioral and hedonic components. Also compensatory appetite signals upregulated when ghrelin blocked. Rodent feeding models do not capture human eating behavior complexity.","Rodent feeding and body weight models","C2 - Rodent feeding model overestimates human appetite suppression from ghrelin blockade","6","https://www.ncbi.nlm.nih.gov/pmc/articles/PMC3319566","Ghrelin agonism (not antagonism) later showed utility in cancer cachexia — different indication same target"
"NF-kB pathway","Sepsis/inflammation","Various (parthenolide and class)","2005","No clinical benefit in inflammatory disease Phase 2 trials","NF-kB drives inflammatory gene expression and is a rational target. But NF-kB is also essential for normal immune responses cell survival and development. Broad NF-kB blockade caused immunosuppression and toxicity. Disease continued via NF-kB independent inflammatory pathways. No animal model captured human inflammatory disease complexity.","Rodent LPS inflammation models","B3 - Target valid but essential for normal immunity — blockade causes immunosuppression","6","https://www.ncbi.nlm.nih.gov/pmc/articles/PMC1369008","NF-kB is too central to normal immunity to block broadly — selective pathway approaches needed"
"COX-2","Colorectal cancer prevention","Merck (Vioxx/Rofecoxib cancer prevention)","2004","Withdrawn — excess cardiovascular events in long-term cancer prevention trial","COX-2 drives prostaglandin production that promotes tumor growth — rational for cancer prevention. But COX-2 also produces prostacyclin which protects against thrombosis. Long-term COX-2 blockade tipped the thromboxane/prostacyclin balance toward thrombosis causing heart attacks. Short-duration animal models did not capture this long-term cardiovascular imbalance.","Rodent colorectal carcinogenesis models","F1 - Long-term cardiovascular effect of prostaglandin imbalance not visible in short-duration animal studies","8","https://www.nejm.org/doi/full/10.1056/NEJMoa042430","One of largest drug withdrawals in history — prostacyclin/thromboxane imbalance was predictable but ignored"
"TRPV1","Pain","Various (AMG 517 and class)","2007","Development halted — severe hyperthermia in humans","TRPV1 is a pain and temperature sensor. Blocking it reduces pain in animal models effectively. But TRPV1 is also essential for normal body temperature regulation in humans — blocking it causes hyperthermia (dangerously elevated body temperature). Rodent TRPV1 blockade causes much milder hyperthermia than in humans due to species differences in thermoregulatory physiology.","Rodent pain models — formalin test and hot plate","A1 - Off-target thermoregulatory pathway much more sensitive to TRPV1 blockade in humans than rodents","8","https://www.ncbi.nlm.nih.gov/pmc/articles/PMC2581888","Entire TRPV1 antagonist class failed on hyperthermia — fundamental species difference in thermoregulation through TRPV1"
"sodium channel Nav1.7","Pain","Various programs","2015","No significant pain relief in Phase 2 human pain trials","Nav1.7 mutations that abolish its function cause congenital insensitivity to pain in humans — validating the target genetically. But pharmacological blockade of Nav1.7 did not reproduce the pain relief of genetic loss. Drug penetration to peripheral neurons insufficient and other Nav channels compensated acutely for Nav1.7 blockade in ways genetic loss during development does not.","Rodent Nav1.7 knockout and pain models","B3 - Genetic validation did not translate to pharmacological validation — compensatory Nav channels","6","https://www.ncbi.nlm.nih.gov/pmc/articles/PMC5378486","Genetic vs pharmacological target validation discrepancy — important distinction for Terracotta ontology"
"PCSK9","LDL reduction — early programs","Various early anti-PCSK9 programs","2012","Early Phase 2 concerns about injection site reactions and durability","PCSK9 inhibition lowers LDL — target is well validated. Early programs had formulation and delivery issues. Not a pure target failure — delivery and formulation problems. Later programs (evolocumab alirocumab) succeeded with better antibody engineering.","Rodent and primate PCSK9 models","D3 - Formulation and delivery not adequate — not a target failure","6","https://www.nejm.org/doi/full/10.1056/NEJMoa1011365","Including as example where early failure led to successful refinement — target was right execution was wrong"
"Notch pathway","T-cell acute lymphoblastic leukemia","Various gamma-secretase inhibitor programs for T-ALL","2010","GI toxicity prevented dose escalation to therapeutic levels","Notch is hyperactivated in T-ALL through NOTCH1 mutations. Blocking Notch with gamma-secretase inhibitors should work. But as with Alzheimer's programs gamma-secretase also cleaves many other substrates causing severe GI toxicity from intestinal goblet cell metaplasia. Therapeutic dose was impossible to achieve without unacceptable GI damage.","T-ALL cell lines and xenograft models","A1 - Off-target GI Notch pathway disrupted at therapeutic doses in humans","8","https://www.ncbi.nlm.nih.gov/pmc/articles/PMC2917110","Same gamma-secretase off-target Notch problem as semagacestat — confirms A1 as a robust ontology node"
"TGF-beta","Cancer","Eli Lilly (Galunisertib)","2019","Phase 2 failed to improve survival in hepatocellular carcinoma","TGF-beta drives tumor immunosuppression and cancer cell invasion. Blocking it was rational. But TGF-beta also plays tumor suppressive roles in early cancer and normal tissue homeostatic roles. Broad TGF-beta blockade in advanced cancer activated both anti-tumor and pro-tumor effects simultaneously. Mouse xenograft models used immunodeficient animals and could not capture immunological complexity.","HCC xenograft models in immunodeficient mice","C3 - Immunodeficient model cannot capture dual tumor-suppressive and pro-tumorigenic TGF-beta roles","6","https://www.ncbi.nlm.nih.gov/pmc/articles/PMC7492168","TGF-beta is bidirectional in cancer — tumor suppressive early and pro-tumorigenic late. Model immunodeficiency masks this complexity"
"IDO1","Cancer immunotherapy","Incyte/Merck (Epacadostat)","2018","Phase 3 failed to improve outcomes when combined with pembrolizumab in melanoma","IDO1 metabolizes tryptophan to suppress T cell activity — blocking it should enhance anti-tumor immunity. Phase 2 single arm data looked promising. Phase 3 with pembrolizumab showed no benefit. Phase 2 signal was likely inflated by pembrolizumab alone in uncontrolled trial design. Mouse tumor models showed IDO1 blockade benefit but mouse IDO1 biology differs from human.","Syngeneic mouse tumor models","E1 - Phase 2 signal was false positive from uncontrolled design — pembrolizumab alone drove the response","8","https://www.nejm.org/doi/full/10.1056/NEJMoa1812181","One of largest Phase 3 failures in immuno-oncology — uncontrolled Phase 2 design gave misleading signal that drove massive Phase 3 investment"
"PI3K-delta","Inflammatory disease","Gilead (Idelalisib inflammatory indications)","2016","Phase 2 failed for inflammatory indications — serious infection rate","PI3K-delta is highly expressed in immune cells and its inhibition reduces inflammatory signaling. Works in RA and IBD animal models. But PI3K-delta is also essential for regulatory T cell function — blocking it paradoxically caused autoimmune colitis and serious infections by removing immune regulation. Mouse immune models did not capture this regulatory T cell dependency.","Rodent inflammatory disease models","A1 - Off-target regulatory T cell pathway dependent on PI3K-delta disrupted in humans","8","https://www.ncbi.nlm.nih.gov/pmc/articles/PMC5079551","Idelalisib approved for blood cancer — failed in inflammatory disease because inflammatory vs cancer immune context differs critically"
"FGF receptor","Bladder cancer unselected","Various early FGFR programs","2014","Insufficient response rate in unselected bladder cancer population","FGFR mutations drive bladder cancer in a specific subset of patients. Early trials did not select for FGFR mutation status and enrolled all bladder cancer patients. The 20 percent with FGFR mutations had responses but the 80 percent without diluted the signal to statistical noise.","Bladder cancer cell lines mixed FGFR status","E2 - Responder biomarker (FGFR mutation status) not used for patient selection","8","https://www.ncbi.nlm.nih.gov/pmc/articles/PMC6195495","Later succeeded when restricted to FGFR-mutant patients (erdafitinib) — mirrors EGFR/KRAS story in colorectal cancer"
"HER2","Gastric cancer early programs","Various early trastuzumab gastric cancer programs","2008","Insufficient overall response in unselected gastric cancer population","HER2 amplification drives gastric cancer in about 20 percent of patients. Early programs enrolled unselected gastric cancer patients. HER2-negative patients could not respond. Signal from HER2-positive patients diluted by non-responders. Later succeeded when restricted to HER2-positive patients.","HER2-overexpressing gastric cancer cell lines","E2 - Responder biomarker (HER2 amplification status) not used for patient selection","8","https://www.nejm.org/doi/full/10.1056/NEJMoa0909530","Trastuzumab now approved in HER2-positive gastric cancer — patient selection failure not target failure"
"complement C5a receptor","Sepsis","Various (PMX53 and class)","2006","No mortality reduction in Phase 2 sepsis trials","C5a complement activation drives excessive inflammation in sepsis. Blocking C5aR reduces organ damage in animal models. But in human sepsis complement activation occurs alongside many other inflammatory cascades. Blocking C5a alone was insufficient. Mouse sepsis models show higher C5a pathway dependence than complex human septic cascades.","Mouse CLP sepsis models","B3 - Target valid but sepsis driven by redundant inflammatory pathways beyond C5a","6","https://www.ncbi.nlm.nih.gov/pmc/articles/PMC3500564","Complement as drug target in sepsis has been tried many times — pathway redundancy is consistent obstacle"
"ACE2/angiotensin","Heart failure with preserved ejection fraction","Various ARB/ACE programs for HFpEF","2019","No improvement in outcomes in HFpEF — drugs effective in HFrEF failed","Renin-angiotensin system blockade works in heart failure with reduced ejection fraction. HFpEF was assumed similar. But HFpEF has different pathophysiology — driven by diastolic stiffness inflammation and metabolic dysfunction rather than neurohormonal overactivation. Mouse heart failure models predominantly model systolic dysfunction not diastolic HFpEF biology.","Rodent systolic heart failure models (LAD ligation)","C2 - Model recapitulates wrong heart failure subtype — systolic not diastolic","8","https://www.ncbi.nlm.nih.gov/pmc/articles/PMC7340073","HFpEF remains one of largest unmet needs in cardiology — model inadequacy is central to slow progress"
"dopamine D3 receptor","Schizophrenia","Various (cariprazine early programs and class)","2010","Insufficient efficacy signal in early Phase 2 programs before dose optimization","D3 receptor blockade was hypothesized to improve negative symptoms of schizophrenia beyond D2 blockade alone. Animal models of negative symptoms (social withdrawal anhedonia) showed benefit. But negative symptoms in humans involve complex prefrontal-limbic circuit dysfunction that D3 modulation alone cannot address. Effect size much smaller than animal models predicted.","Rodent social interaction and anhedonia models","C2 - Rodent negative symptom models overestimate human D3 receptor contribution to negative symptoms","6","https://www.ncbi.nlm.nih.gov/pmc/articles/PMC3019960","Cariprazine eventually approved at optimized doses — not pure failure but highlights effect size overestimation from animal models"
"CXCR4","Multiple myeloma early programs","Various early CXCR4 programs","2011","Insufficient mobilization and anti-tumor activity in early Phase 2","CXCR4 tethers myeloma cells to bone marrow niche protecting them from chemotherapy. Disrupting CXCR4-CXCL12 axis should mobilize and sensitize myeloma cells. Works in mouse myeloma models. But human bone marrow niche interactions involve multiple redundant adhesion and retention mechanisms — CXCR4 alone was insufficient to fully displace myeloma cells from the niche.","Mouse myeloma xenograft models","B3 - Target valid but bone marrow niche retention involves redundant parallel mechanisms","6","https://www.ncbi.nlm.nih.gov/pmc/articles/PMC3272473","CXCR4 inhibition (plerixafor) approved for stem cell mobilization — works for that narrow indication but insufficient alone for myeloma treatment"
"RANKL","Bone metastasis pain","Amgen (Denosumab bone pain programs)","2011","Phase 2 bone pain endpoint not met — bone protection confirmed but pain relief insufficient","RANKL drives osteoclast activity causing bone destruction in metastasis. Denosumab prevents bone destruction effectively. But bone metastasis pain involves multiple mechanisms including nerve sensitization tumor-derived pain mediators and inflammatory cytokines beyond bone destruction alone. Preventing bone damage did not adequately reduce pain.","Rodent bone metastasis models","D1 - Biomarker (bone resorption markers) improved but downstream pain mechanism unaffected","6","https://www.ncbi.nlm.nih.gov/pmc/articles/PMC3412379","Denosumab approved for skeletal events — bone protection confirmed but pain is driven by additional mechanisms beyond bone destruction"
"IL-17A","Crohn's disease","Eli Lilly (Secukinumab Crohn's program)","2012","Phase 2 failed — disease worsened in some patients on secukinumab","IL-17A drives inflammation in psoriasis and ankylosing spondylitis. Blocking it was tried in Crohn's disease. But IL-17A plays a protective role in gut mucosal immunity — blocking it paradoxically worsened gut inflammation in Crohn's patients by removing mucosal defense. Mouse gut models did not capture this protective IL-17A role in human intestinal immunity.","Mouse colitis models","B3 - Target plays opposing protective role in gut that animal model did not capture","8","https://www.nejm.org/doi/full/10.1056/NEJMoa1207069","Secukinumab approved in psoriasis and ankylosing spondylitis — same drug different disease context — gut protective IL-17A role is human-specific"
"FXR nuclear receptor","NASH liver disease","Intercept (Obeticholic acid advanced programs)","2019","Phase 3 failed primary histological endpoint — safety concerns with pruritus and LDL elevation","FXR activation reduces liver fat and fibrosis in NASH animal models. Obeticholic acid confirmed FXR engagement. But FXR activation also reduces bile acid synthesis which increases LDL cholesterol. In NASH patients who already have cardiovascular risk this LDL elevation was problematic. Mouse NASH models do not recapitulate human cardiovascular comorbidity context.","Mouse NASH models (NASH diet and STAM models)","D1 - Biomarker improved but off-target LDL elevation clinically unacceptable in patient population with high CV risk","6","https://www.nejm.org/doi/full/10.1056/NEJMoa2028395","NASH field has had multiple failures — human disease complexity and comorbidity context not captured in mouse dietary models"
"ASK1","NASH liver disease","Gilead (Selonsertib)","2019","Phase 3 failed to improve liver fibrosis in advanced NASH","ASK1 drives oxidative stress-induced liver cell death and fibrosis. Blocking it reduced liver injury markers in early studies. Phase 3 failed to show fibrosis improvement. Multiple parallel fibrosis pathways (TGF-beta PDGF stellate cell activation) continued driving fibrosis when ASK1 was blocked alone. Mouse NASH fibrosis models show higher ASK1 pathway dependence.","Mouse NASH fibrosis models (CCl4 and dietary)","B3 - Target valid but liver fibrosis driven by redundant parallel pathways beyond ASK1","8","https://www.nejm.org/doi/full/10.1056/NEJMoa1910309","Multiple NASH drug failures share same root — liver fibrosis is driven by many parallel pathways and single target blockade is insufficient"
"ACC inhibitor","NASH liver disease","Pfizer/Gilead (firsocostat)","2020","Insufficient anti-fibrotic efficacy in Phase 2b","Acetyl-CoA carboxylase inhibition reduces liver fat by blocking de novo lipogenesis. Confirmed fat reduction. But NASH fibrosis is driven by stellate cell activation inflammatory mediators and oxidative stress — reducing fat alone without addressing fibrogenic pathways was insufficient. Mouse NASH models overrepresent lipogenic pathway contribution to fibrosis.","Mouse dietary NASH models","B3 - Reducing lipid burden insufficient without addressing fibrogenic inflammation","6","https://www.ncbi.nlm.nih.gov/pmc/articles/PMC8437201","Third NASH failure following similar pattern — fibrosis pathway redundancy is the consistent obstacle in this disease area"
"SCD1","Metabolic syndrome/obesity","Various programs","2008","Development halted — severe skin and eye toxicity in humans","SCD1 is a fatty acid desaturase enzyme involved in fat metabolism. Blocking it reduces obesity and metabolic syndrome in rodents. But SCD1 is essential for sebaceous gland and meibomian gland function in humans — blocking it caused severe skin dryness and eye surface problems not seen in rodents because rodent skin and eye biology differs substantially.","Rodent dietary obesity models","F1 - Species-specific skin and eye gland SCD1 dependency caused human-specific toxicity","8","https://www.ncbi.nlm.nih.gov/pmc/articles/PMC2874533","Entire SCD1 inhibitor class failed on skin and eye toxicity — fundamental species difference in SCD1 dependency in skin glands"
"GLP-1 receptor agonist for NASH","NASH liver disease","Various early GLP-1 programs for NASH","2016","Phase 2 showed insufficient liver fibrosis improvement despite fat reduction","GLP-1 receptor agonists reduce liver fat effectively. But NASH progression and fibrosis involves inflammatory and stellate cell mechanisms beyond lipid accumulation. Fat reduction alone was insufficient to improve fibrosis endpoints. Mouse NASH models often improve fully with fat reduction alone — human disease is more driven by independent fibrogenic pathways.","Mouse dietary NASH models (MCD and HFD)","B3 - Lipid reduction target insufficient — fibrosis driven by independent parallel pathways","6","https://www.ncbi.nlm.nih.gov/pmc/articles/PMC7261366","Later higher-dose GLP-1 programs showed more promise — dose and fibrosis endpoint sensitivity were key variables"
"c-MET","Gastric cancer unselected","Amgen (Rilotumumab)","2014","Phase 3 failed — increased deaths in MET-low patients","c-MET amplification drives gastric cancer in a subset of patients. Early Phase 2 selected for MET-high patients and showed benefit. Phase 3 enrolled broader MET-positive population including MET-low patients. MET-low patients may have been harmed by the antibody through immune-related mechanisms. Preclinical models used only MET-high cell lines not capturing MET-low patient biology.","MET-overexpressing gastric cancer xenograft models","E1 - Broad enrollment of MET-positive patients included MET-low patients who were potentially harmed","8","https://www.nejm.org/doi/full/10.1056/NEJMoa1504789","MET-low patients being harmed was a critical unexpected finding — biomarker threshold definition was too loose"
"Wnt pathway","Colorectal cancer","Various Wnt inhibitor programs","2016","Development halted — severe gastrointestinal toxicity at therapeutic doses","Wnt pathway is hyperactivated in colorectal cancer — rational target. But Wnt is also essential for intestinal crypt stem cell renewal in normal gut. Blocking Wnt in tumor cells also blocked normal gut stem cell maintenance causing severe GI toxicity. No therapeutic window possible because tumor and normal intestinal cells have equivalent Wnt dependency.","Colorectal cancer cell lines and xenograft models","F2 - Target essential for normal intestinal stem cell maintenance — no therapeutic window","8","https://www.ncbi.nlm.nih.gov/pmc/articles/PMC5551008","Wnt pathway inhibition in colorectal cancer is theoretically impossible without GI toxicity — normal gut Wnt dependency creates an unavoidable therapeutic window problem"
"OX40L","Atopic dermatitis","AstraZeneca (Rocatinlimab early programs)","2018","Phase 2b mixed results — efficacy in subset but broad enrollment diluted signal","OX40/OX40L drives Th2 inflammatory responses in atopic dermatitis. Works in animal allergy models. Human atopic dermatitis is immunologically heterogeneous — Th2-dominant patients responded but Th1 and mixed-phenotype patients did not. Preclinical models used Th2-skewed mouse allergy models not capturing human disease heterogeneity.","Th2-skewed mouse allergy models","C1 - Th2-skewed model not representative of full spectrum of human atopic dermatitis immunophenotypes","6","https://www.ncbi.nlm.nih.gov/pmc/articles/PMC7790819","Later programs showed better results with patient stratification — Th2-dominant subgroup identification improved outcomes"
"CGRP receptor","Cluster headache","Various early CGRP programs for cluster headache","2018","Insufficient efficacy in episodic cluster headache Phase 2","CGRP drives migraine pain — CGRP inhibitors work in migraine. Cluster headache was assumed to share the same mechanism. But cluster headache involves hypothalamic activation and trigeminal autonomic features that are distinct from migraine CGRP pathways. Animal trigeminal pain models do not distinguish between migraine and cluster headache mechanisms.","Rodent trigeminal pain models","C2 - Animal model does not distinguish migraine vs cluster headache pain mechanisms","6","https://www.ncbi.nlm.nih.gov/pmc/articles/PMC6751269","CGRP inhibitors work in migraine — cluster headache involves additional hypothalamic mechanisms beyond CGRP"
"NLRP3 inflammasome","Gout flares","Various early NLRP3 programs","2019","Insufficient efficacy signal in Phase 2 — tolerability concerns","NLRP3 drives IL-1beta production in gout crystals. Animal gout models showed benefit. In humans NLRP3 is one of multiple inflammasome complexes active in gout — other inflammasomes (NLRP1 AIM2) compensated when NLRP3 was blocked. Also NLRP3 plays important roles in normal pathogen defense — chronic blockade increased infection risk.","Mouse urate crystal arthritis models","B3 - Target valid but parallel inflammasome pathways compensate in human gout","6","https://www.ncbi.nlm.nih.gov/pmc/articles/PMC7243144","NLRP3 inhibition promising in early data but human inflammasome redundancy limits single-target approach"
"KIF11/Eg5 kinesin","Cancer","Various (ispinesib and class)","2008","No significant tumor responses in Phase 2 solid tumor trials","Eg5 kinesin is essential for mitotic spindle formation — blocking it should arrest cancer cell division. Works in cancer cell lines and animal models. But clinical responses were very limited. Solid tumors have heterogeneous cell cycle states and many cells are not actively dividing at time of treatment. Also drug delivery to solid tumor cores was inadequate.","Cancer cell lines and xenograft models","E1 - Unselected tumors had low mitotic fraction — insufficient tumor cells actively dividing to show response","6","https://www.ncbi.nlm.nih.gov/pmc/articles/PMC2615545","Mitotic index of solid tumors much lower than cell lines — cell line models systematically overestimate activity of cell cycle targeted drugs in solid tumors"
"HDAC","Solid tumors","Various early HDAC inhibitor programs for solid tumors","2006","No significant efficacy in solid tumor Phase 2 trials despite hematologic malignancy activity","HDAC inhibitors work well in hematologic malignancies (cutaneous T cell lymphoma). In solid tumors failed to show efficacy. Solid tumor microenvironment has dense stroma limiting drug penetration. Also solid tumor cells have different epigenetic dependencies than liquid tumor cells. Cell line models used for solid tumors do not capture tumor microenvironment and stromal barriers.","Cancer cell lines and xenograft models","C3 - Immunodeficient xenograft model lacks stromal microenvironment context of solid tumors","6","https://www.ncbi.nlm.nih.gov/pmc/articles/PMC1892795","HDAC inhibitors work in liquid tumors — solid tumor failure reflects stromal penetration and epigenetic dependency differences not visible in standard xenograft models"
"survivin","Cancer","Various (YM155 and class)","2012","No significant tumor responses in Phase 2 solid tumor trials","Survivin is an anti-apoptotic protein overexpressed in many cancers. Blocking it was hypothesized to trigger cancer cell death. Works in cancer cell lines. But survivin inhibition in vivo caused rapid upregulation of other IAP family members (XIAP cIAP1) that compensated for survivin loss. Cell line models showed cleaner survivin dependency than heterogeneous patient tumors with redundant IAP pathway protection.","Cancer cell lines and xenograft models","B3 - Target valid but IAP family redundancy compensates for survivin inhibition in patient tumors","6","https://www.ncbi.nlm.nih.gov/pmc/articles/PMC3843887","IAP family redundancy is a consistent obstacle — same pathway compensation problem as Bcl-2 family"
